"Larvae.age","Larvae.batch","Tray.Number","Cue","Settled","Shell","conspecific_cue","predator_cue"
33,"1","1a","conspecific shell",1,"Untreated","Absent","Absent"
33,"1","1a","conspecific shell",1,"Untreated","Absent","Absent"
33,"1","1b","conspecific shell_conspecific cue",1,"Untreated","Present","Absent"
33,"1","1b","conspecific shell_conspecific cue",1,"Untreated","Present","Absent"
33,"1","1b","conspecific shell_conspecific cue",1,"Untreated","Present","Absent"
33,"1","1b","conspecific shell_conspecific cue",1,"Untreated","Present","Absent"
33,"1","1b","conspecific shell_conspecific cue",1,"Untreated","Present","Absent"
33,"1","1b","conspecific shell_conspecific cue",1,"Untreated","Present","Absent"
33,"1","1c","conspecific shell_predator cue",1,"Untreated","Absent","Present"
33,"1","1c","conspecific shell_predator cue",1,"Untreated","Absent","Present"
33,"1","1c","conspecific shell_predator cue",1,"Untreated","Absent","Present"
33,"1","1c","conspecific shell_predator cue",1,"Untreated","Absent","Present"
33,"1","1d","steralized shell",1,"Sterilized","Absent","Absent"
33,"1","1e","steralized shell_conspecific cue",1,"Sterilized","Present","Absent"
33,"1","1f","steralized shell_conspecific cue_predator cue",1,"Sterilized","Present","Present"
33,"1","1f","steralized shell_conspecific cue_predator cue",1,"Sterilized","Present","Present"
33,"1","1f","steralized shell_conspecific cue_predator cue",1,"Sterilized","Present","Present"
33,"1","2b","conspecific shell_predator cue",1,"Untreated","Absent","Present"
33,"1","2b","conspecific shell_predator cue",1,"Untreated","Absent","Present"
33,"1","2b","conspecific shell_predator cue",1,"Untreated","Absent","Present"
33,"1","2b","conspecific shell_predator cue",1,"Untreated","Absent","Present"
33,"1","2c","conspecific shell_conspecific cue",1,"Untreated","Present","Absent"
33,"1","2c","conspecific shell_conspecific cue",1,"Untreated","Present","Absent"
33,"1","2c","conspecific shell_conspecific cue",1,"Untreated","Present","Absent"
33,"1","2c","conspecific shell_conspecific cue",1,"Untreated","Present","Absent"
33,"1","2e","steralized shell_conspecific cue_predator cue",1,"Sterilized","Present","Present"
33,"1","3a","steralized shell_conspecific cue",1,"Sterilized","Present","Absent"
33,"1","3a","steralized shell_conspecific cue",1,"Sterilized","Present","Absent"
33,"1","3a","steralized shell_conspecific cue",1,"Sterilized","Present","Absent"
33,"1","3b","conspecific shell",1,"Untreated","Absent","Absent"
33,"1","3e","steralized shell_conspecific cue",1,"Sterilized","Present","Absent"
33,"1","3e","steralized shell_conspecific cue",1,"Sterilized","Present","Absent"
33,"1","3f","conspecific shell",1,"Untreated","Absent","Absent"
33,"1","3f","conspecific shell",1,"Untreated","Absent","Absent"
33,"1","3f","conspecific shell",1,"Untreated","Absent","Absent"
33,"1","3f","conspecific shell",1,"Untreated","Absent","Absent"
33,"1","3f","conspecific shell",1,"Untreated","Absent","Absent"
33,"1","3f","conspecific shell",1,"Untreated","Absent","Absent"
33,"1","4a","conspecific shell_predator cue",1,"Untreated","Absent","Present"
33,"1","4a","conspecific shell_predator cue",1,"Untreated","Absent","Present"
33,"1","4a","conspecific shell_predator cue",1,"Untreated","Absent","Present"
33,"1","4a","conspecific shell_predator cue",1,"Untreated","Absent","Present"
33,"1","4b","conspecific shell_conspecific cue",1,"Untreated","Present","Absent"
33,"1","4b","conspecific shell_conspecific cue",1,"Untreated","Present","Absent"
33,"1","4b","conspecific shell_conspecific cue",1,"Untreated","Present","Absent"
33,"1","4b","conspecific shell_conspecific cue",1,"Untreated","Present","Absent"
33,"1","4b","conspecific shell_conspecific cue",1,"Untreated","Present","Absent"
33,"1","4b","conspecific shell_conspecific cue",1,"Untreated","Present","Absent"
33,"1","4c","steralized shell",1,"Sterilized","Absent","Absent"
33,"1","4c","steralized shell",1,"Sterilized","Absent","Absent"
33,"1","4d","steralized shell_conspecific cue",1,"Sterilized","Present","Absent"
33,"1","4d","steralized shell_conspecific cue",1,"Sterilized","Present","Absent"
33,"1","4d","steralized shell_conspecific cue",1,"Sterilized","Present","Absent"
33,"1","4e","conspecific shell",1,"Untreated","Absent","Absent"
33,"1","4e","conspecific shell",1,"Untreated","Absent","Absent"
33,"1","4e","conspecific shell",1,"Untreated","Absent","Absent"
33,"1","4e","conspecific shell",1,"Untreated","Absent","Absent"
33,"1","4e","conspecific shell",1,"Untreated","Absent","Absent"
33,"1","4f","conspecific shell_predator cue",1,"Untreated","Absent","Present"
33,"1","4f","conspecific shell_predator cue",1,"Untreated","Absent","Present"
33,"1","4f","conspecific shell_predator cue",1,"Untreated","Absent","Present"
33,"1","4f","conspecific shell_predator cue",1,"Untreated","Absent","Present"
33,"1","5d","steralized shell_conspecific cue_predator cue",1,"Sterilized","Present","Present"
33,"1","5d","steralized shell_conspecific cue_predator cue",1,"Sterilized","Present","Present"
33,"1","5e","conspecific shell_conspecific cue",1,"Untreated","Present","Absent"
33,"1","5e","conspecific shell_conspecific cue",1,"Untreated","Present","Absent"
33,"1","5e","conspecific shell_conspecific cue",1,"Untreated","Present","Absent"
33,"1","5e","conspecific shell_conspecific cue",1,"Untreated","Present","Absent"
33,"1","5e","conspecific shell_conspecific cue",1,"Untreated","Present","Absent"
33,"1","5e","conspecific shell_conspecific cue",1,"Untreated","Present","Absent"
33,"1","5f","conspecific shell",1,"Untreated","Absent","Absent"
33,"1","5f","conspecific shell",1,"Untreated","Absent","Absent"
33,"1","5f","conspecific shell",1,"Untreated","Absent","Absent"
33,"1","5f","conspecific shell",1,"Untreated","Absent","Absent"
33,"1","5f","conspecific shell",1,"Untreated","Absent","Absent"
33,"1","6d","conspecific shell_predator cue",1,"Untreated","Absent","Present"
33,"1","6d","conspecific shell_predator cue",1,"Untreated","Absent","Present"
33,"1","6d","conspecific shell_predator cue",1,"Untreated","Absent","Present"
33,"1","6d","conspecific shell_predator cue",1,"Untreated","Absent","Present"
33,"1","6d","conspecific shell_predator cue",1,"Untreated","Absent","Present"
33,"1","6d","conspecific shell_predator cue",1,"Untreated","Absent","Present"
33,"1","6e","steralized shell_conspecific cue",1,"Sterilized","Present","Absent"
33,"1","7a","conspecific shell_predator cue",1,"Untreated","Absent","Present"
33,"1","7a","conspecific shell_predator cue",1,"Untreated","Absent","Present"
33,"1","7a","conspecific shell_predator cue",1,"Untreated","Absent","Present"
33,"1","7a","conspecific shell_predator cue",1,"Untreated","Absent","Present"
33,"1","7b","conspecific shell",1,"Untreated","Absent","Absent"
33,"1","7b","conspecific shell",1,"Untreated","Absent","Absent"
33,"1","7b","conspecific shell",1,"Untreated","Absent","Absent"
33,"1","7b","conspecific shell",1,"Untreated","Absent","Absent"
33,"1","7b","conspecific shell",1,"Untreated","Absent","Absent"
33,"1","7b","conspecific shell",1,"Untreated","Absent","Absent"
33,"1","7f","conspecific shell_conspecific cue",1,"Untreated","Present","Absent"
33,"1","7f","conspecific shell_conspecific cue",1,"Untreated","Present","Absent"
33,"1","7f","conspecific shell_conspecific cue",1,"Untreated","Present","Absent"
33,"1","7f","conspecific shell_conspecific cue",1,"Untreated","Present","Absent"
33,"1","7f","conspecific shell_conspecific cue",1,"Untreated","Present","Absent"
33,"1","7f","conspecific shell_conspecific cue",1,"Untreated","Present","Absent"
33,"1","8a","steralized shell_conspecific cue",1,"Sterilized","Present","Absent"
33,"1","8a","steralized shell_conspecific cue",1,"Sterilized","Present","Absent"
33,"1","8a","steralized shell_conspecific cue",1,"Sterilized","Present","Absent"
33,"1","8a","steralized shell_conspecific cue",1,"Sterilized","Present","Absent"
33,"1","8c","conspecific shell",1,"Untreated","Absent","Absent"
33,"1","8c","conspecific shell",1,"Untreated","Absent","Absent"
33,"1","8c","conspecific shell",1,"Untreated","Absent","Absent"
33,"1","8d","conspecific shell_conspecific cue",1,"Untreated","Present","Absent"
33,"1","8d","conspecific shell_conspecific cue",1,"Untreated","Present","Absent"
33,"1","8d","conspecific shell_conspecific cue",1,"Untreated","Present","Absent"
33,"1","8d","conspecific shell_conspecific cue",1,"Untreated","Present","Absent"
33,"1","8d","conspecific shell_conspecific cue",1,"Untreated","Present","Absent"
33,"1","8d","conspecific shell_conspecific cue",1,"Untreated","Present","Absent"
33,"1","9a","conspecific shell_predator cue",1,"Untreated","Absent","Present"
33,"1","9a","conspecific shell_predator cue",1,"Untreated","Absent","Present"
33,"1","9a","conspecific shell_predator cue",1,"Untreated","Absent","Present"
33,"1","9a","conspecific shell_predator cue",1,"Untreated","Absent","Present"
33,"1","9d","conspecific shell_predator cue",1,"Untreated","Absent","Present"
33,"1","9d","conspecific shell_predator cue",1,"Untreated","Absent","Present"
33,"1","9d","conspecific shell_predator cue",1,"Untreated","Absent","Present"
33,"1","9d","conspecific shell_predator cue",1,"Untreated","Absent","Present"
33,"1","9d","conspecific shell_predator cue",1,"Untreated","Absent","Present"
33,"1","9d","conspecific shell_predator cue",1,"Untreated","Absent","Present"
33,"1","9e","conspecific shell_conspecific cue",1,"Untreated","Present","Absent"
33,"1","9e","conspecific shell_conspecific cue",1,"Untreated","Present","Absent"
33,"1","9e","conspecific shell_conspecific cue",1,"Untreated","Present","Absent"
33,"1","9e","conspecific shell_conspecific cue",1,"Untreated","Present","Absent"
33,"1","9e","conspecific shell_conspecific cue",1,"Untreated","Present","Absent"
33,"1","9e","conspecific shell_conspecific cue",1,"Untreated","Present","Absent"
33,"1","9f","steralized shell_conspecific cue",1,"Sterilized","Present","Absent"
33,"1","9f","steralized shell_conspecific cue",1,"Sterilized","Present","Absent"
33,"1","10b","steralized shell_predator cue",1,"Sterilized","Absent","Present"
33,"1","10c","conspecific shell",1,"Untreated","Absent","Absent"
33,"1","10c","conspecific shell",1,"Untreated","Absent","Absent"
33,"1","10c","conspecific shell",1,"Untreated","Absent","Absent"
33,"1","10c","conspecific shell",1,"Untreated","Absent","Absent"
33,"1","10c","conspecific shell",1,"Untreated","Absent","Absent"
33,"1","10e","steralized shell_conspecific cue",1,"Sterilized","Present","Absent"
25,"2","11a","conspecific shell_predator cue",1,"Untreated","Absent","Present"
25,"2","11a","conspecific shell_predator cue",1,"Untreated","Absent","Present"
25,"2","11e","conspecific shell_conspecific cue",1,"Untreated","Present","Absent"
25,"2","11e","conspecific shell_conspecific cue",1,"Untreated","Present","Absent"
25,"2","11e","conspecific shell_conspecific cue",1,"Untreated","Present","Absent"
25,"2","11e","conspecific shell_conspecific cue",1,"Untreated","Present","Absent"
25,"2","11e","conspecific shell_conspecific cue",1,"Untreated","Present","Absent"
25,"2","11f","conspecific shell_predator cue",1,"Untreated","Absent","Present"
25,"2","11f","conspecific shell_predator cue",1,"Untreated","Absent","Present"
25,"2","11f","conspecific shell_predator cue",1,"Untreated","Absent","Present"
25,"2","12a","conspecific shell",1,"Untreated","Absent","Absent"
25,"2","12a","conspecific shell",1,"Untreated","Absent","Absent"
25,"2","12a","conspecific shell",1,"Untreated","Absent","Absent"
25,"2","12c","steralized shell",1,"Sterilized","Absent","Absent"
25,"2","12f","steralized shell_conspecific cue_predator cue",1,"Sterilized","Present","Present"
25,"2","13b","conspecific shell",1,"Untreated","Absent","Absent"
25,"2","13d","conspecific shell_predator cue",1,"Untreated","Absent","Present"
25,"2","13d","conspecific shell_predator cue",1,"Untreated","Absent","Present"
25,"2","13e","conspecific shell_conspecific cue",1,"Untreated","Present","Absent"
25,"2","13e","conspecific shell_conspecific cue",1,"Untreated","Present","Absent"
25,"2","13e","conspecific shell_conspecific cue",1,"Untreated","Present","Absent"
25,"2","13e","conspecific shell_conspecific cue",1,"Untreated","Present","Absent"
25,"2","14a","conspecific shell_conspecific cue",1,"Untreated","Present","Absent"
25,"2","14a","conspecific shell_conspecific cue",1,"Untreated","Present","Absent"
25,"2","14a","conspecific shell_conspecific cue",1,"Untreated","Present","Absent"
25,"2","14a","conspecific shell_conspecific cue",1,"Untreated","Present","Absent"
25,"2","14a","conspecific shell_conspecific cue",1,"Untreated","Present","Absent"
25,"2","14b","conspecific shell_predator cue",1,"Untreated","Absent","Present"
25,"2","14b","conspecific shell_predator cue",1,"Untreated","Absent","Present"
25,"2","14b","conspecific shell_predator cue",1,"Untreated","Absent","Present"
25,"2","14b","conspecific shell_predator cue",1,"Untreated","Absent","Present"
25,"2","14f","conspecific shell",1,"Untreated","Absent","Absent"
25,"2","14f","conspecific shell",1,"Untreated","Absent","Absent"
25,"2","14f","conspecific shell",1,"Untreated","Absent","Absent"
25,"2","14f","conspecific shell",1,"Untreated","Absent","Absent"
25,"2","15c","conspecific shell_predator cue",1,"Untreated","Absent","Present"
25,"2","15c","conspecific shell_predator cue",1,"Untreated","Absent","Present"
25,"2","15c","conspecific shell_predator cue",1,"Untreated","Absent","Present"
25,"2","15c","conspecific shell_predator cue",1,"Untreated","Absent","Present"
25,"2","15c","conspecific shell_predator cue",1,"Untreated","Absent","Present"
25,"2","15d","conspecific shell",1,"Untreated","Absent","Absent"
25,"2","15d","conspecific shell",1,"Untreated","Absent","Absent"
25,"2","15f","conspecific shell_conspecific cue",1,"Untreated","Present","Absent"
25,"2","15f","conspecific shell_conspecific cue",1,"Untreated","Present","Absent"
25,"2","15f","conspecific shell_conspecific cue",1,"Untreated","Present","Absent"
25,"2","15f","conspecific shell_conspecific cue",1,"Untreated","Present","Absent"
25,"2","15f","conspecific shell_conspecific cue",1,"Untreated","Present","Absent"
25,"2","15f","conspecific shell_conspecific cue",1,"Untreated","Present","Absent"
25,"2","16a","steralized shell_conspecific cue",1,"Sterilized","Present","Absent"
25,"2","16a","steralized shell_conspecific cue",1,"Sterilized","Present","Absent"
25,"2","16b","conspecific shell",1,"Untreated","Absent","Absent"
25,"2","16b","conspecific shell",1,"Untreated","Absent","Absent"
25,"2","16d","steralized shell_conspecific cue",1,"Sterilized","Present","Absent"
25,"2","17b","steralized shell_conspecific cue_predator cue",1,"Sterilized","Present","Present"
25,"2","17c","conspecific shell_predator cue",1,"Untreated","Absent","Present"
25,"2","17c","conspecific shell_predator cue",1,"Untreated","Absent","Present"
25,"2","17c","conspecific shell_predator cue",1,"Untreated","Absent","Present"
25,"2","17c","conspecific shell_predator cue",1,"Untreated","Absent","Present"
25,"2","17c","conspecific shell_predator cue",1,"Untreated","Absent","Present"
25,"2","17d","steralized shell_conspecific cue_predator cue",1,"Sterilized","Present","Present"
25,"2","17e","conspecific shell_conspecific cue",1,"Untreated","Present","Absent"
25,"2","17e","conspecific shell_conspecific cue",1,"Untreated","Present","Absent"
25,"2","17e","conspecific shell_conspecific cue",1,"Untreated","Present","Absent"
25,"2","17e","conspecific shell_conspecific cue",1,"Untreated","Present","Absent"
25,"2","17e","conspecific shell_conspecific cue",1,"Untreated","Present","Absent"
25,"2","18b","conspecific shell",1,"Untreated","Absent","Absent"
25,"2","18b","conspecific shell",1,"Untreated","Absent","Absent"
25,"2","18d","steralized shell",1,"Sterilized","Absent","Absent"
25,"2","18e","steralized shell_conspecific cue",1,"Sterilized","Present","Absent"
25,"2","18f","conspecific shell",1,"Untreated","Absent","Absent"
25,"2","18f","conspecific shell",1,"Untreated","Absent","Absent"
25,"2","18f","conspecific shell",1,"Untreated","Absent","Absent"
25,"2","18f","conspecific shell",1,"Untreated","Absent","Absent"
25,"2","19d","conspecific shell_conspecific cue",1,"Untreated","Present","Absent"
25,"2","19d","conspecific shell_conspecific cue",1,"Untreated","Present","Absent"
25,"2","19d","conspecific shell_conspecific cue",1,"Untreated","Present","Absent"
25,"2","19d","conspecific shell_conspecific cue",1,"Untreated","Present","Absent"
25,"2","19f","steralized shell_conspecific cue_predator cue",1,"Sterilized","Present","Present"
25,"2","20b","conspecific shell_conspecific cue",1,"Untreated","Present","Absent"
25,"2","20b","conspecific shell_conspecific cue",1,"Untreated","Present","Absent"
25,"2","20b","conspecific shell_conspecific cue",1,"Untreated","Present","Absent"
25,"2","20b","conspecific shell_conspecific cue",1,"Untreated","Present","Absent"
25,"2","20c","conspecific shell",1,"Untreated","Absent","Absent"
25,"2","20c","conspecific shell",1,"Untreated","Absent","Absent"
25,"2","20c","conspecific shell",1,"Untreated","Absent","Absent"
25,"2","20c","conspecific shell",1,"Untreated","Absent","Absent"
25,"2","20e","conspecific shell_predator cue",1,"Untreated","Absent","Present"
25,"2","20e","conspecific shell_predator cue",1,"Untreated","Absent","Present"
25,"2","20e","conspecific shell_predator cue",1,"Untreated","Absent","Present"
25,"2","20f","conspecific shell_conspecific cue",1,"Untreated","Present","Absent"
25,"2","20f","conspecific shell_conspecific cue",1,"Untreated","Present","Absent"
25,"2","20f","conspecific shell_conspecific cue",1,"Untreated","Present","Absent"
25,"2","20f","conspecific shell_conspecific cue",1,"Untreated","Present","Absent"
25,"2","20f","conspecific shell_conspecific cue",1,"Untreated","Present","Absent"
33,"1","1a","conspecific shell",0,"Untreated","Absent","Absent"
33,"1","1a","conspecific shell",0,"Untreated","Absent","Absent"
33,"1","1a","conspecific shell",0,"Untreated","Absent","Absent"
33,"1","1a","conspecific shell",0,"Untreated","Absent","Absent"
33,"1","1c","conspecific shell_predator cue",0,"Untreated","Absent","Present"
33,"1","1c","conspecific shell_predator cue",0,"Untreated","Absent","Present"
33,"1","1d","steralized shell",0,"Sterilized","Absent","Absent"
33,"1","1d","steralized shell",0,"Sterilized","Absent","Absent"
33,"1","1d","steralized shell",0,"Sterilized","Absent","Absent"
33,"1","1d","steralized shell",0,"Sterilized","Absent","Absent"
33,"1","1d","steralized shell",0,"Sterilized","Absent","Absent"
33,"1","1e","steralized shell_conspecific cue",0,"Sterilized","Present","Absent"
33,"1","1e","steralized shell_conspecific cue",0,"Sterilized","Present","Absent"
33,"1","1e","steralized shell_conspecific cue",0,"Sterilized","Present","Absent"
33,"1","1e","steralized shell_conspecific cue",0,"Sterilized","Present","Absent"
33,"1","1f","steralized shell_conspecific cue_predator cue",0,"Sterilized","Present","Present"
33,"1","1f","steralized shell_conspecific cue_predator cue",0,"Sterilized","Present","Present"
33,"1","1f","steralized shell_conspecific cue_predator cue",0,"Sterilized","Present","Present"
33,"1","2a","steralized shell_predator cue",0,"Sterilized","Absent","Present"
33,"1","2a","steralized shell_predator cue",0,"Sterilized","Absent","Present"
33,"1","2a","steralized shell_predator cue",0,"Sterilized","Absent","Present"
33,"1","2a","steralized shell_predator cue",0,"Sterilized","Absent","Present"
33,"1","2a","steralized shell_predator cue",0,"Sterilized","Absent","Present"
33,"1","2a","steralized shell_predator cue",0,"Sterilized","Absent","Present"
33,"1","2a","steralized shell_predator cue",0,"Sterilized","Absent","Present"
33,"1","2b","conspecific shell_predator cue",0,"Untreated","Absent","Present"
33,"1","2b","conspecific shell_predator cue",0,"Untreated","Absent","Present"
33,"1","2c","conspecific shell_conspecific cue",0,"Untreated","Present","Absent"
33,"1","2c","conspecific shell_conspecific cue",0,"Untreated","Present","Absent"
33,"1","2d","steralized shell",0,"Sterilized","Absent","Absent"
33,"1","2d","steralized shell",0,"Sterilized","Absent","Absent"
33,"1","2d","steralized shell",0,"Sterilized","Absent","Absent"
33,"1","2d","steralized shell",0,"Sterilized","Absent","Absent"
33,"1","2d","steralized shell",0,"Sterilized","Absent","Absent"
33,"1","2d","steralized shell",0,"Sterilized","Absent","Absent"
33,"1","2e","steralized shell_conspecific cue_predator cue",0,"Sterilized","Present","Present"
33,"1","2e","steralized shell_conspecific cue_predator cue",0,"Sterilized","Present","Present"
33,"1","2e","steralized shell_conspecific cue_predator cue",0,"Sterilized","Present","Present"
33,"1","2e","steralized shell_conspecific cue_predator cue",0,"Sterilized","Present","Present"
33,"1","2e","steralized shell_conspecific cue_predator cue",0,"Sterilized","Present","Present"
33,"1","2f","steralized shell_predator cue",0,"Sterilized","Absent","Present"
33,"1","2f","steralized shell_predator cue",0,"Sterilized","Absent","Present"
33,"1","2f","steralized shell_predator cue",0,"Sterilized","Absent","Present"
33,"1","2f","steralized shell_predator cue",0,"Sterilized","Absent","Present"
33,"1","2f","steralized shell_predator cue",0,"Sterilized","Absent","Present"
33,"1","2f","steralized shell_predator cue",0,"Sterilized","Absent","Present"
33,"1","3a","steralized shell_conspecific cue",0,"Sterilized","Present","Absent"
33,"1","3a","steralized shell_conspecific cue",0,"Sterilized","Present","Absent"
33,"1","3a","steralized shell_conspecific cue",0,"Sterilized","Present","Absent"
33,"1","3b","conspecific shell",0,"Untreated","Absent","Absent"
33,"1","3b","conspecific shell",0,"Untreated","Absent","Absent"
33,"1","3b","conspecific shell",0,"Untreated","Absent","Absent"
33,"1","3b","conspecific shell",0,"Untreated","Absent","Absent"
33,"1","3b","conspecific shell",0,"Untreated","Absent","Absent"
33,"1","3c","steralized shell_predator cue",0,"Sterilized","Absent","Present"
33,"1","3c","steralized shell_predator cue",0,"Sterilized","Absent","Present"
33,"1","3c","steralized shell_predator cue",0,"Sterilized","Absent","Present"
33,"1","3c","steralized shell_predator cue",0,"Sterilized","Absent","Present"
33,"1","3c","steralized shell_predator cue",0,"Sterilized","Absent","Present"
33,"1","3c","steralized shell_predator cue",0,"Sterilized","Absent","Present"
33,"1","3d","steralized shell_conspecific cue_predator cue",0,"Sterilized","Present","Present"
33,"1","3d","steralized shell_conspecific cue_predator cue",0,"Sterilized","Present","Present"
33,"1","3d","steralized shell_conspecific cue_predator cue",0,"Sterilized","Present","Present"
33,"1","3d","steralized shell_conspecific cue_predator cue",0,"Sterilized","Present","Present"
33,"1","3d","steralized shell_conspecific cue_predator cue",0,"Sterilized","Present","Present"
33,"1","3d","steralized shell_conspecific cue_predator cue",0,"Sterilized","Present","Present"
33,"1","3e","steralized shell_conspecific cue",0,"Sterilized","Present","Absent"
33,"1","3e","steralized shell_conspecific cue",0,"Sterilized","Present","Absent"
33,"1","3e","steralized shell_conspecific cue",0,"Sterilized","Present","Absent"
33,"1","3e","steralized shell_conspecific cue",0,"Sterilized","Present","Absent"
33,"1","4a","conspecific shell_predator cue",0,"Untreated","Absent","Present"
33,"1","4a","conspecific shell_predator cue",0,"Untreated","Absent","Present"
33,"1","4c","steralized shell",0,"Sterilized","Absent","Absent"
33,"1","4c","steralized shell",0,"Sterilized","Absent","Absent"
33,"1","4c","steralized shell",0,"Sterilized","Absent","Absent"
33,"1","4c","steralized shell",0,"Sterilized","Absent","Absent"
33,"1","4d","steralized shell_conspecific cue",0,"Sterilized","Present","Absent"
33,"1","4e","conspecific shell",0,"Untreated","Absent","Absent"
33,"1","4f","conspecific shell_predator cue",0,"Untreated","Absent","Present"
33,"1","5a","steralized shell",0,"Sterilized","Absent","Absent"
33,"1","5a","steralized shell",0,"Sterilized","Absent","Absent"
33,"1","5a","steralized shell",0,"Sterilized","Absent","Absent"
33,"1","5a","steralized shell",0,"Sterilized","Absent","Absent"
33,"1","5a","steralized shell",0,"Sterilized","Absent","Absent"
33,"1","5a","steralized shell",0,"Sterilized","Absent","Absent"
33,"1","5c","steralized shell_predator cue",0,"Sterilized","Absent","Present"
33,"1","5c","steralized shell_predator cue",0,"Sterilized","Absent","Present"
33,"1","5c","steralized shell_predator cue",0,"Sterilized","Absent","Present"
33,"1","5c","steralized shell_predator cue",0,"Sterilized","Absent","Present"
33,"1","5c","steralized shell_predator cue",0,"Sterilized","Absent","Present"
33,"1","5c","steralized shell_predator cue",0,"Sterilized","Absent","Present"
33,"1","5d","steralized shell_conspecific cue_predator cue",0,"Sterilized","Present","Present"
33,"1","5d","steralized shell_conspecific cue_predator cue",0,"Sterilized","Present","Present"
33,"1","5d","steralized shell_conspecific cue_predator cue",0,"Sterilized","Present","Present"
33,"1","5d","steralized shell_conspecific cue_predator cue",0,"Sterilized","Present","Present"
33,"1","5f","conspecific shell",0,"Untreated","Absent","Absent"
33,"1","6a","steralized shell",0,"Sterilized","Absent","Absent"
33,"1","6a","steralized shell",0,"Sterilized","Absent","Absent"
33,"1","6a","steralized shell",0,"Sterilized","Absent","Absent"
33,"1","6a","steralized shell",0,"Sterilized","Absent","Absent"
33,"1","6a","steralized shell",0,"Sterilized","Absent","Absent"
33,"1","6b","steralized shell_predator cue",0,"Sterilized","Absent","Present"
33,"1","6b","steralized shell_predator cue",0,"Sterilized","Absent","Present"
33,"1","6b","steralized shell_predator cue",0,"Sterilized","Absent","Present"
33,"1","6b","steralized shell_predator cue",0,"Sterilized","Absent","Present"
33,"1","6b","steralized shell_predator cue",0,"Sterilized","Absent","Present"
33,"1","6b","steralized shell_predator cue",0,"Sterilized","Absent","Present"
33,"1","6c","steralized shell_conspecific cue_predator cue",0,"Sterilized","Present","Present"
33,"1","6c","steralized shell_conspecific cue_predator cue",0,"Sterilized","Present","Present"
33,"1","6c","steralized shell_conspecific cue_predator cue",0,"Sterilized","Present","Present"
33,"1","6c","steralized shell_conspecific cue_predator cue",0,"Sterilized","Present","Present"
33,"1","6c","steralized shell_conspecific cue_predator cue",0,"Sterilized","Present","Present"
33,"1","6c","steralized shell_conspecific cue_predator cue",0,"Sterilized","Present","Present"
33,"1","6e","steralized shell_conspecific cue",0,"Sterilized","Present","Absent"
33,"1","6e","steralized shell_conspecific cue",0,"Sterilized","Present","Absent"
33,"1","6e","steralized shell_conspecific cue",0,"Sterilized","Present","Absent"
33,"1","6e","steralized shell_conspecific cue",0,"Sterilized","Present","Absent"
33,"1","6e","steralized shell_conspecific cue",0,"Sterilized","Present","Absent"
33,"1","6f","steralized shell_conspecific cue_predator cue",0,"Sterilized","Present","Present"
33,"1","6f","steralized shell_conspecific cue_predator cue",0,"Sterilized","Present","Present"
33,"1","6f","steralized shell_conspecific cue_predator cue",0,"Sterilized","Present","Present"
33,"1","6f","steralized shell_conspecific cue_predator cue",0,"Sterilized","Present","Present"
33,"1","6f","steralized shell_conspecific cue_predator cue",0,"Sterilized","Present","Present"
33,"1","6f","steralized shell_conspecific cue_predator cue",0,"Sterilized","Present","Present"
33,"1","7a","conspecific shell_predator cue",0,"Untreated","Absent","Present"
33,"1","7c","steralized shell_predator cue",0,"Sterilized","Absent","Present"
33,"1","7c","steralized shell_predator cue",0,"Sterilized","Absent","Present"
33,"1","7c","steralized shell_predator cue",0,"Sterilized","Absent","Present"
33,"1","7c","steralized shell_predator cue",0,"Sterilized","Absent","Present"
33,"1","7c","steralized shell_predator cue",0,"Sterilized","Absent","Present"
33,"1","7c","steralized shell_predator cue",0,"Sterilized","Absent","Present"
33,"1","7d","steralized shell_conspecific cue",0,"Sterilized","Present","Absent"
33,"1","7d","steralized shell_conspecific cue",0,"Sterilized","Present","Absent"
33,"1","7d","steralized shell_conspecific cue",0,"Sterilized","Present","Absent"
33,"1","7d","steralized shell_conspecific cue",0,"Sterilized","Present","Absent"
33,"1","7d","steralized shell_conspecific cue",0,"Sterilized","Present","Absent"
33,"1","8a","steralized shell_conspecific cue",0,"Sterilized","Present","Absent"
33,"1","8a","steralized shell_conspecific cue",0,"Sterilized","Present","Absent"
33,"1","8b","steralized shell_conspecific cue_predator cue",0,"Sterilized","Present","Present"
33,"1","8b","steralized shell_conspecific cue_predator cue",0,"Sterilized","Present","Present"
33,"1","8b","steralized shell_conspecific cue_predator cue",0,"Sterilized","Present","Present"
33,"1","8b","steralized shell_conspecific cue_predator cue",0,"Sterilized","Present","Present"
33,"1","8b","steralized shell_conspecific cue_predator cue",0,"Sterilized","Present","Present"
33,"1","8c","conspecific shell",0,"Untreated","Absent","Absent"
33,"1","8c","conspecific shell",0,"Untreated","Absent","Absent"
33,"1","8c","conspecific shell",0,"Untreated","Absent","Absent"
33,"1","8e","steralized shell",0,"Sterilized","Absent","Absent"
33,"1","8e","steralized shell",0,"Sterilized","Absent","Absent"
33,"1","8e","steralized shell",0,"Sterilized","Absent","Absent"
33,"1","8e","steralized shell",0,"Sterilized","Absent","Absent"
33,"1","8e","steralized shell",0,"Sterilized","Absent","Absent"
33,"1","8e","steralized shell",0,"Sterilized","Absent","Absent"
33,"1","8f","steralized shell_predator cue",0,"Sterilized","Absent","Present"
33,"1","8f","steralized shell_predator cue",0,"Sterilized","Absent","Present"
33,"1","8f","steralized shell_predator cue",0,"Sterilized","Absent","Present"
33,"1","8f","steralized shell_predator cue",0,"Sterilized","Absent","Present"
33,"1","8f","steralized shell_predator cue",0,"Sterilized","Absent","Present"
33,"1","8f","steralized shell_predator cue",0,"Sterilized","Absent","Present"
33,"1","9a","conspecific shell_predator cue",0,"Untreated","Absent","Present"
33,"1","9a","conspecific shell_predator cue",0,"Untreated","Absent","Present"
33,"1","9b","steralized shell",0,"Sterilized","Absent","Absent"
33,"1","9b","steralized shell",0,"Sterilized","Absent","Absent"
33,"1","9b","steralized shell",0,"Sterilized","Absent","Absent"
33,"1","9b","steralized shell",0,"Sterilized","Absent","Absent"
33,"1","9b","steralized shell",0,"Sterilized","Absent","Absent"
33,"1","9b","steralized shell",0,"Sterilized","Absent","Absent"
33,"1","9c","steralized shell_conspecific cue_predator cue",0,"Sterilized","Present","Present"
33,"1","9c","steralized shell_conspecific cue_predator cue",0,"Sterilized","Present","Present"
33,"1","9c","steralized shell_conspecific cue_predator cue",0,"Sterilized","Present","Present"
33,"1","9c","steralized shell_conspecific cue_predator cue",0,"Sterilized","Present","Present"
33,"1","9f","steralized shell_conspecific cue",0,"Sterilized","Present","Absent"
33,"1","9f","steralized shell_conspecific cue",0,"Sterilized","Present","Absent"
33,"1","9f","steralized shell_conspecific cue",0,"Sterilized","Present","Absent"
33,"1","10b","steralized shell_predator cue",0,"Sterilized","Absent","Present"
33,"1","10b","steralized shell_predator cue",0,"Sterilized","Absent","Present"
33,"1","10b","steralized shell_predator cue",0,"Sterilized","Absent","Present"
33,"1","10b","steralized shell_predator cue",0,"Sterilized","Absent","Present"
33,"1","10b","steralized shell_predator cue",0,"Sterilized","Absent","Present"
33,"1","10c","conspecific shell",0,"Untreated","Absent","Absent"
33,"1","10d","steralized shell_conspecific cue_predator cue",0,"Sterilized","Present","Present"
33,"1","10d","steralized shell_conspecific cue_predator cue",0,"Sterilized","Present","Present"
33,"1","10d","steralized shell_conspecific cue_predator cue",0,"Sterilized","Present","Present"
33,"1","10d","steralized shell_conspecific cue_predator cue",0,"Sterilized","Present","Present"
33,"1","10d","steralized shell_conspecific cue_predator cue",0,"Sterilized","Present","Present"
33,"1","10d","steralized shell_conspecific cue_predator cue",0,"Sterilized","Present","Present"
33,"1","10e","steralized shell_conspecific cue",0,"Sterilized","Present","Absent"
33,"1","10e","steralized shell_conspecific cue",0,"Sterilized","Present","Absent"
33,"1","10e","steralized shell_conspecific cue",0,"Sterilized","Present","Absent"
33,"1","10e","steralized shell_conspecific cue",0,"Sterilized","Present","Absent"
33,"1","10f","steralized shell_predator cue",0,"Sterilized","Absent","Present"
33,"1","10f","steralized shell_predator cue",0,"Sterilized","Absent","Present"
33,"1","10f","steralized shell_predator cue",0,"Sterilized","Absent","Present"
33,"1","10f","steralized shell_predator cue",0,"Sterilized","Absent","Present"
33,"1","10f","steralized shell_predator cue",0,"Sterilized","Absent","Present"
33,"1","10f","steralized shell_predator cue",0,"Sterilized","Absent","Present"
25,"2","11a","conspecific shell_predator cue",0,"Untreated","Absent","Present"
25,"2","11a","conspecific shell_predator cue",0,"Untreated","Absent","Present"
25,"2","11a","conspecific shell_predator cue",0,"Untreated","Absent","Present"
25,"2","11a","conspecific shell_predator cue",0,"Untreated","Absent","Present"
25,"2","11b","steralized shell",0,"Sterilized","Absent","Absent"
25,"2","11b","steralized shell",0,"Sterilized","Absent","Absent"
25,"2","11b","steralized shell",0,"Sterilized","Absent","Absent"
25,"2","11b","steralized shell",0,"Sterilized","Absent","Absent"
25,"2","11b","steralized shell",0,"Sterilized","Absent","Absent"
25,"2","11b","steralized shell",0,"Sterilized","Absent","Absent"
25,"2","11c","conspecific shell_conspecific cue",0,"Untreated","Present","Absent"
25,"2","11c","conspecific shell_conspecific cue",0,"Untreated","Present","Absent"
25,"2","11c","conspecific shell_conspecific cue",0,"Untreated","Present","Absent"
25,"2","11c","conspecific shell_conspecific cue",0,"Untreated","Present","Absent"
25,"2","11c","conspecific shell_conspecific cue",0,"Untreated","Present","Absent"
25,"2","11c","conspecific shell_conspecific cue",0,"Untreated","Present","Absent"
25,"2","11d","steralized shell_predator cue",0,"Sterilized","Absent","Present"
25,"2","11d","steralized shell_predator cue",0,"Sterilized","Absent","Present"
25,"2","11d","steralized shell_predator cue",0,"Sterilized","Absent","Present"
25,"2","11d","steralized shell_predator cue",0,"Sterilized","Absent","Present"
25,"2","11d","steralized shell_predator cue",0,"Sterilized","Absent","Present"
25,"2","11d","steralized shell_predator cue",0,"Sterilized","Absent","Present"
25,"2","11e","conspecific shell_conspecific cue",0,"Untreated","Present","Absent"
25,"2","11f","conspecific shell_predator cue",0,"Untreated","Absent","Present"
25,"2","11f","conspecific shell_predator cue",0,"Untreated","Absent","Present"
25,"2","11f","conspecific shell_predator cue",0,"Untreated","Absent","Present"
25,"2","12a","conspecific shell",0,"Untreated","Absent","Absent"
25,"2","12a","conspecific shell",0,"Untreated","Absent","Absent"
25,"2","12a","conspecific shell",0,"Untreated","Absent","Absent"
25,"2","12b","steralized shell_conspecific cue_predator cue",0,"Sterilized","Present","Present"
25,"2","12b","steralized shell_conspecific cue_predator cue",0,"Sterilized","Present","Present"
25,"2","12b","steralized shell_conspecific cue_predator cue",0,"Sterilized","Present","Present"
25,"2","12b","steralized shell_conspecific cue_predator cue",0,"Sterilized","Present","Present"
25,"2","12c","steralized shell",0,"Sterilized","Absent","Absent"
25,"2","12c","steralized shell",0,"Sterilized","Absent","Absent"
25,"2","12c","steralized shell",0,"Sterilized","Absent","Absent"
25,"2","12c","steralized shell",0,"Sterilized","Absent","Absent"
25,"2","12c","steralized shell",0,"Sterilized","Absent","Absent"
25,"2","12d","steralized shell_conspecific cue",0,"Sterilized","Present","Absent"
25,"2","12d","steralized shell_conspecific cue",0,"Sterilized","Present","Absent"
25,"2","12d","steralized shell_conspecific cue",0,"Sterilized","Present","Absent"
25,"2","12d","steralized shell_conspecific cue",0,"Sterilized","Present","Absent"
25,"2","12d","steralized shell_conspecific cue",0,"Sterilized","Present","Absent"
25,"2","12d","steralized shell_conspecific cue",0,"Sterilized","Present","Absent"
25,"2","12e","steralized shell_conspecific cue",0,"Sterilized","Present","Absent"
25,"2","12e","steralized shell_conspecific cue",0,"Sterilized","Present","Absent"
25,"2","12e","steralized shell_conspecific cue",0,"Sterilized","Present","Absent"
25,"2","12e","steralized shell_conspecific cue",0,"Sterilized","Present","Absent"
25,"2","12e","steralized shell_conspecific cue",0,"Sterilized","Present","Absent"
25,"2","12e","steralized shell_conspecific cue",0,"Sterilized","Present","Absent"
25,"2","12f","steralized shell_conspecific cue_predator cue",0,"Sterilized","Present","Present"
25,"2","12f","steralized shell_conspecific cue_predator cue",0,"Sterilized","Present","Present"
25,"2","12f","steralized shell_conspecific cue_predator cue",0,"Sterilized","Present","Present"
25,"2","12f","steralized shell_conspecific cue_predator cue",0,"Sterilized","Present","Present"
25,"2","12f","steralized shell_conspecific cue_predator cue",0,"Sterilized","Present","Present"
25,"2","13a","steralized shell_predator cue",0,"Sterilized","Absent","Present"
25,"2","13a","steralized shell_predator cue",0,"Sterilized","Absent","Present"
25,"2","13a","steralized shell_predator cue",0,"Sterilized","Absent","Present"
25,"2","13a","steralized shell_predator cue",0,"Sterilized","Absent","Present"
25,"2","13a","steralized shell_predator cue",0,"Sterilized","Absent","Present"
25,"2","13a","steralized shell_predator cue",0,"Sterilized","Absent","Present"
25,"2","13b","conspecific shell",0,"Untreated","Absent","Absent"
25,"2","13b","conspecific shell",0,"Untreated","Absent","Absent"
25,"2","13b","conspecific shell",0,"Untreated","Absent","Absent"
25,"2","13b","conspecific shell",0,"Untreated","Absent","Absent"
25,"2","13b","conspecific shell",0,"Untreated","Absent","Absent"
25,"2","13c","steralized shell",0,"Sterilized","Absent","Absent"
25,"2","13c","steralized shell",0,"Sterilized","Absent","Absent"
25,"2","13c","steralized shell",0,"Sterilized","Absent","Absent"
25,"2","13c","steralized shell",0,"Sterilized","Absent","Absent"
25,"2","13c","steralized shell",0,"Sterilized","Absent","Absent"
25,"2","13c","steralized shell",0,"Sterilized","Absent","Absent"
25,"2","13c","steralized shell",0,"Sterilized","Absent","Absent"
25,"2","13d","conspecific shell_predator cue",0,"Untreated","Absent","Present"
25,"2","13d","conspecific shell_predator cue",0,"Untreated","Absent","Present"
25,"2","13d","conspecific shell_predator cue",0,"Untreated","Absent","Present"
25,"2","13d","conspecific shell_predator cue",0,"Untreated","Absent","Present"
25,"2","13e","conspecific shell_conspecific cue",0,"Untreated","Present","Absent"
25,"2","13e","conspecific shell_conspecific cue",0,"Untreated","Present","Absent"
25,"2","13f","steralized shell_predator cue",0,"Sterilized","Absent","Present"
25,"2","13f","steralized shell_predator cue",0,"Sterilized","Absent","Present"
25,"2","13f","steralized shell_predator cue",0,"Sterilized","Absent","Present"
25,"2","13f","steralized shell_predator cue",0,"Sterilized","Absent","Present"
25,"2","13f","steralized shell_predator cue",0,"Sterilized","Absent","Present"
25,"2","13f","steralized shell_predator cue",0,"Sterilized","Absent","Present"
25,"2","14b","conspecific shell_predator cue",0,"Untreated","Absent","Present"
25,"2","14b","conspecific shell_predator cue",0,"Untreated","Absent","Present"
25,"2","14c","steralized shell_conspecific cue_predator cue",0,"Sterilized","Present","Present"
25,"2","14c","steralized shell_conspecific cue_predator cue",0,"Sterilized","Present","Present"
25,"2","14c","steralized shell_conspecific cue_predator cue",0,"Sterilized","Present","Present"
25,"2","14c","steralized shell_conspecific cue_predator cue",0,"Sterilized","Present","Present"
25,"2","14c","steralized shell_conspecific cue_predator cue",0,"Sterilized","Present","Present"
25,"2","14d","steralized shell",0,"Sterilized","Absent","Absent"
25,"2","14d","steralized shell",0,"Sterilized","Absent","Absent"
25,"2","14d","steralized shell",0,"Sterilized","Absent","Absent"
25,"2","14d","steralized shell",0,"Sterilized","Absent","Absent"
25,"2","14d","steralized shell",0,"Sterilized","Absent","Absent"
25,"2","14e","steralized shell_conspecific cue",0,"Sterilized","Present","Absent"
25,"2","14e","steralized shell_conspecific cue",0,"Sterilized","Present","Absent"
25,"2","14e","steralized shell_conspecific cue",0,"Sterilized","Present","Absent"
25,"2","14e","steralized shell_conspecific cue",0,"Sterilized","Present","Absent"
25,"2","14e","steralized shell_conspecific cue",0,"Sterilized","Present","Absent"
25,"2","14f","conspecific shell",0,"Untreated","Absent","Absent"
25,"2","14f","conspecific shell",0,"Untreated","Absent","Absent"
25,"2","15b","steralized shell_predator cue",0,"Sterilized","Absent","Present"
25,"2","15b","steralized shell_predator cue",0,"Sterilized","Absent","Present"
25,"2","15b","steralized shell_predator cue",0,"Sterilized","Absent","Present"
25,"2","15b","steralized shell_predator cue",0,"Sterilized","Absent","Present"
25,"2","15b","steralized shell_predator cue",0,"Sterilized","Absent","Present"
25,"2","15b","steralized shell_predator cue",0,"Sterilized","Absent","Present"
25,"2","15d","conspecific shell",0,"Untreated","Absent","Absent"
25,"2","15d","conspecific shell",0,"Untreated","Absent","Absent"
25,"2","15d","conspecific shell",0,"Untreated","Absent","Absent"
25,"2","15d","conspecific shell",0,"Untreated","Absent","Absent"
25,"2","15e","steralized shell",0,"Sterilized","Absent","Absent"
25,"2","15e","steralized shell",0,"Sterilized","Absent","Absent"
25,"2","15e","steralized shell",0,"Sterilized","Absent","Absent"
25,"2","15e","steralized shell",0,"Sterilized","Absent","Absent"
25,"2","15e","steralized shell",0,"Sterilized","Absent","Absent"
25,"2","15e","steralized shell",0,"Sterilized","Absent","Absent"
25,"2","16a","steralized shell_conspecific cue",0,"Sterilized","Present","Absent"
25,"2","16a","steralized shell_conspecific cue",0,"Sterilized","Present","Absent"
25,"2","16a","steralized shell_conspecific cue",0,"Sterilized","Present","Absent"
25,"2","16a","steralized shell_conspecific cue",0,"Sterilized","Present","Absent"
25,"2","16b","conspecific shell",0,"Untreated","Absent","Absent"
25,"2","16b","conspecific shell",0,"Untreated","Absent","Absent"
25,"2","16b","conspecific shell",0,"Untreated","Absent","Absent"
25,"2","16d","steralized shell_conspecific cue",0,"Sterilized","Present","Absent"
25,"2","16d","steralized shell_conspecific cue",0,"Sterilized","Present","Absent"
25,"2","16d","steralized shell_conspecific cue",0,"Sterilized","Present","Absent"
25,"2","16d","steralized shell_conspecific cue",0,"Sterilized","Present","Absent"
25,"2","16e","steralized shell_predator cue",0,"Sterilized","Absent","Present"
25,"2","16e","steralized shell_predator cue",0,"Sterilized","Absent","Present"
25,"2","16e","steralized shell_predator cue",0,"Sterilized","Absent","Present"
25,"2","16e","steralized shell_predator cue",0,"Sterilized","Absent","Present"
25,"2","16e","steralized shell_predator cue",0,"Sterilized","Absent","Present"
25,"2","16e","steralized shell_predator cue",0,"Sterilized","Absent","Present"
25,"2","16f","conspecific shell_predator cue",0,"Untreated","Absent","Present"
25,"2","16f","conspecific shell_predator cue",0,"Untreated","Absent","Present"
25,"2","16f","conspecific shell_predator cue",0,"Untreated","Absent","Present"
25,"2","16f","conspecific shell_predator cue",0,"Untreated","Absent","Present"
25,"2","16f","conspecific shell_predator cue",0,"Untreated","Absent","Present"
25,"2","16f","conspecific shell_predator cue",0,"Untreated","Absent","Present"
25,"2","17a","steralized shell",0,"Sterilized","Absent","Absent"
25,"2","17a","steralized shell",0,"Sterilized","Absent","Absent"
25,"2","17a","steralized shell",0,"Sterilized","Absent","Absent"
25,"2","17a","steralized shell",0,"Sterilized","Absent","Absent"
25,"2","17a","steralized shell",0,"Sterilized","Absent","Absent"
25,"2","17a","steralized shell",0,"Sterilized","Absent","Absent"
25,"2","17b","steralized shell_conspecific cue_predator cue",0,"Sterilized","Present","Present"
25,"2","17b","steralized shell_conspecific cue_predator cue",0,"Sterilized","Present","Present"
25,"2","17b","steralized shell_conspecific cue_predator cue",0,"Sterilized","Present","Present"
25,"2","17b","steralized shell_conspecific cue_predator cue",0,"Sterilized","Present","Present"
25,"2","17c","conspecific shell_predator cue",0,"Untreated","Absent","Present"
25,"2","17d","steralized shell_conspecific cue_predator cue",0,"Sterilized","Present","Present"
25,"2","17d","steralized shell_conspecific cue_predator cue",0,"Sterilized","Present","Present"
25,"2","17d","steralized shell_conspecific cue_predator cue",0,"Sterilized","Present","Present"
25,"2","17d","steralized shell_conspecific cue_predator cue",0,"Sterilized","Present","Present"
25,"2","17e","conspecific shell_conspecific cue",0,"Untreated","Present","Absent"
25,"2","17f","steralized shell_conspecific cue",0,"Sterilized","Present","Absent"
25,"2","17f","steralized shell_conspecific cue",0,"Sterilized","Present","Absent"
25,"2","17f","steralized shell_conspecific cue",0,"Sterilized","Present","Absent"
25,"2","17f","steralized shell_conspecific cue",0,"Sterilized","Present","Absent"
25,"2","17f","steralized shell_conspecific cue",0,"Sterilized","Present","Absent"
25,"2","17f","steralized shell_conspecific cue",0,"Sterilized","Present","Absent"
25,"2","18a","steralized shell_predator cue",0,"Sterilized","Absent","Present"
25,"2","18a","steralized shell_predator cue",0,"Sterilized","Absent","Present"
25,"2","18a","steralized shell_predator cue",0,"Sterilized","Absent","Present"
25,"2","18b","conspecific shell",0,"Untreated","Absent","Absent"
25,"2","18b","conspecific shell",0,"Untreated","Absent","Absent"
25,"2","18b","conspecific shell",0,"Untreated","Absent","Absent"
25,"2","18b","conspecific shell",0,"Untreated","Absent","Absent"
25,"2","18c","steralized shell",0,"Sterilized","Absent","Absent"
25,"2","18c","steralized shell",0,"Sterilized","Absent","Absent"
25,"2","18c","steralized shell",0,"Sterilized","Absent","Absent"
25,"2","18c","steralized shell",0,"Sterilized","Absent","Absent"
25,"2","18d","steralized shell",0,"Sterilized","Absent","Absent"
25,"2","18d","steralized shell",0,"Sterilized","Absent","Absent"
25,"2","18d","steralized shell",0,"Sterilized","Absent","Absent"
25,"2","18d","steralized shell",0,"Sterilized","Absent","Absent"
25,"2","18e","steralized shell_conspecific cue",0,"Sterilized","Present","Absent"
25,"2","18e","steralized shell_conspecific cue",0,"Sterilized","Present","Absent"
25,"2","18e","steralized shell_conspecific cue",0,"Sterilized","Present","Absent"
25,"2","18e","steralized shell_conspecific cue",0,"Sterilized","Present","Absent"
25,"2","18f","conspecific shell",0,"Untreated","Absent","Absent"
25,"2","18f","conspecific shell",0,"Untreated","Absent","Absent"
25,"2","19a","steralized shell_conspecific cue_predator cue",0,"Sterilized","Present","Present"
25,"2","19a","steralized shell_conspecific cue_predator cue",0,"Sterilized","Present","Present"
25,"2","19a","steralized shell_conspecific cue_predator cue",0,"Sterilized","Present","Present"
25,"2","19a","steralized shell_conspecific cue_predator cue",0,"Sterilized","Present","Present"
25,"2","19a","steralized shell_conspecific cue_predator cue",0,"Sterilized","Present","Present"
25,"2","19b","steralized shell_predator cue",0,"Sterilized","Absent","Present"
25,"2","19b","steralized shell_predator cue",0,"Sterilized","Absent","Present"
25,"2","19b","steralized shell_predator cue",0,"Sterilized","Absent","Present"
25,"2","19b","steralized shell_predator cue",0,"Sterilized","Absent","Present"
25,"2","19b","steralized shell_predator cue",0,"Sterilized","Absent","Present"
25,"2","19b","steralized shell_predator cue",0,"Sterilized","Absent","Present"
25,"2","19d","conspecific shell_conspecific cue",0,"Untreated","Present","Absent"
25,"2","19d","conspecific shell_conspecific cue",0,"Untreated","Present","Absent"
25,"2","19e","steralized shell_predator cue",0,"Sterilized","Absent","Present"
25,"2","19e","steralized shell_predator cue",0,"Sterilized","Absent","Present"
25,"2","19e","steralized shell_predator cue",0,"Sterilized","Absent","Present"
25,"2","19e","steralized shell_predator cue",0,"Sterilized","Absent","Present"
25,"2","19e","steralized shell_predator cue",0,"Sterilized","Absent","Present"
25,"2","19e","steralized shell_predator cue",0,"Sterilized","Absent","Present"
25,"2","19f","steralized shell_conspecific cue_predator cue",0,"Sterilized","Present","Present"
25,"2","19f","steralized shell_conspecific cue_predator cue",0,"Sterilized","Present","Present"
25,"2","19f","steralized shell_conspecific cue_predator cue",0,"Sterilized","Present","Present"
25,"2","19f","steralized shell_conspecific cue_predator cue",0,"Sterilized","Present","Present"
25,"2","19f","steralized shell_conspecific cue_predator cue",0,"Sterilized","Present","Present"
25,"2","20a","steralized shell",0,"Sterilized","Absent","Absent"
25,"2","20a","steralized shell",0,"Sterilized","Absent","Absent"
25,"2","20a","steralized shell",0,"Sterilized","Absent","Absent"
25,"2","20a","steralized shell",0,"Sterilized","Absent","Absent"
25,"2","20a","steralized shell",0,"Sterilized","Absent","Absent"
25,"2","20a","steralized shell",0,"Sterilized","Absent","Absent"
25,"2","20b","conspecific shell_conspecific cue",0,"Untreated","Present","Absent"
25,"2","20b","conspecific shell_conspecific cue",0,"Untreated","Present","Absent"
25,"2","20c","conspecific shell",0,"Untreated","Absent","Absent"
25,"2","20c","conspecific shell",0,"Untreated","Absent","Absent"
25,"2","20d","steralized shell_conspecific cue",0,"Sterilized","Present","Absent"
25,"2","20d","steralized shell_conspecific cue",0,"Sterilized","Present","Absent"
25,"2","20d","steralized shell_conspecific cue",0,"Sterilized","Present","Absent"
25,"2","20d","steralized shell_conspecific cue",0,"Sterilized","Present","Absent"
25,"2","20d","steralized shell_conspecific cue",0,"Sterilized","Present","Absent"
25,"2","20d","steralized shell_conspecific cue",0,"Sterilized","Present","Absent"
25,"2","20e","conspecific shell_predator cue",0,"Untreated","Absent","Present"
25,"2","20e","conspecific shell_predator cue",0,"Untreated","Absent","Present"
25,"2","20e","conspecific shell_predator cue",0,"Untreated","Absent","Present"
25,"2","20f","conspecific shell_conspecific cue",0,"Untreated","Present","Absent"
